{
    "os": "Linux-5.4.0-122-generic-x86_64-with-glibc2.31",
    "python": "3.9.16",
    "heartbeatAt": "2023-03-26T09:42:09.183005",
    "startedAt": "2023-03-26T09:42:08.800708",
    "docker": null,
    "cuda": null,
    "args": null,
    "state": "running",
    "program": "<python with no main file>",
    "git": {
        "remote": "https://github.com/1044704/GDL-mini-project.git",
        "commit": "3326c48bd3631b9f25417455ded9a1a83ccd3e93"
    },
    "email": null,
    "root": "/notebooks/git",
    "host": "nw72l4vnac",
    "username": "root",
    "executable": "/notebooks/venv/bin/python",
    "cpu_count": 8,
    "cpu_count_logical": 8,
    "cpu_freq": {
        "current": 3200.342,
        "min": 0.0,
        "max": 0.0
    },
    "cpu_freq_per_core": [
        {
            "current": 3200.342,
            "min": 0.0,
            "max": 0.0
        },
        {
            "current": 3200.342,
            "min": 0.0,
            "max": 0.0
        },
        {
            "current": 3200.342,
            "min": 0.0,
            "max": 0.0
        },
        {
            "current": 3200.342,
            "min": 0.0,
            "max": 0.0
        },
        {
            "current": 3200.342,
            "min": 0.0,
            "max": 0.0
        },
        {
            "current": 3200.342,
            "min": 0.0,
            "max": 0.0
        },
        {
            "current": 3200.342,
            "min": 0.0,
            "max": 0.0
        },
        {
            "current": 3200.342,
            "min": 0.0,
            "max": 0.0
        }
    ],
    "disk": {
        "total": 245.95343399047852,
        "used": 70.86872482299805
    },
    "gpu": "NVIDIA RTX A4000",
    "gpu_count": 1,
    "gpu_devices": [
        {
            "name": "NVIDIA RTX A4000",
            "memory_total": 17171480576
        }
    ],
    "memory": {
        "total": 44.10197830200195
    }
}
