{
    "os": "Linux-5.4.0-122-generic-x86_64-with-glibc2.31",
    "python": "3.9.16",
    "heartbeatAt": "2023-03-26T08:36:09.272919",
    "startedAt": "2023-03-26T08:36:08.951117",
    "docker": null,
    "gpu": "NVIDIA RTX A4000",
    "gpu_count": 1,
    "cpu_count": 8,
    "cuda": null,
    "args": null,
    "state": "running",
    "program": "git/src/heterophilic_graphs/hyperparam_sweep.ipynb",
    "root": "/notebooks/git",
    "git": {
        "remote": "https://github.com/1044704/GDL-mini-project.git",
        "commit": "3326c48bd3631b9f25417455ded9a1a83ccd3e93"
    },
    "email": null,
    "host": "nw72l4vnac",
    "username": "root",
    "executable": "/usr/local/bin/python3"
}
